{
    "$schema": "http://schema.management.azure.com/schemas/2015-01-01/deploymentTemplate.json#",
    "contentVersion": "1.0.0.0",
    "parameters": {
        "factoryName": {
            "type": "string",
            "metadata": "Data Factory name",
            "defaultValue": "team8-df"
        }
    },
    "variables": {
        "factoryId": "[concat('Microsoft.DataFactory/factories/', parameters('factoryName'))]"
    },
    "resources": [
        {
            "name": "[concat(parameters('factoryName'), '/GeographyforDataFlow')]",
            "type": "Microsoft.DataFactory/factories/datasets",
            "apiVersion": "2018-06-01",
            "properties": {
                "linkedServiceName": {
                    "referenceName": "AzureDataLakeStorage2",
                    "type": "LinkedServiceReference"
                },
                "annotations": [],
                "type": "Parquet",
                "typeProperties": {
                    "location": {
                        "type": "AzureBlobFSLocation",
                        "fileName": "dbo.Country.parquet",
                        "fileSystem": "sqldb"
                    },
                    "compressionCodec": "snappy"
                },
                "schema": [
                    {
                        "name": "Country",
                        "type": "UTF8"
                    },
                    {
                        "name": "CountryCode",
                        "type": "UTF8"
                    },
                    {
                        "name": "Latitude",
                        "type": "DECIMAL",
                        "precision": 10,
                        "scale": 5
                    },
                    {
                        "name": "Longitude",
                        "type": "DECIMAL",
                        "precision": 10,
                        "scale": 5
                    }
                ]
            },
            "dependsOn": []
        },
        {
            "name": "[concat(parameters('factoryName'), '/CosmosDBParquet')]",
            "type": "Microsoft.DataFactory/factories/datasets",
            "apiVersion": "2018-06-01",
            "properties": {
                "linkedServiceName": {
                    "referenceName": "AzureDataLakeStorage2",
                    "type": "LinkedServiceReference"
                },
                "annotations": [],
                "type": "Parquet",
                "typeProperties": {
                    "location": {
                        "type": "AzureBlobFSLocation",
                        "fileName": "covidpolicy",
                        "fileSystem": "cosmosdb"
                    },
                    "compressionCodec": "snappy"
                },
                "schema": []
            },
            "dependsOn": []
        },
        {
            "name": "[concat(parameters('factoryName'), '/SQLdbParquet')]",
            "type": "Microsoft.DataFactory/factories/datasets",
            "apiVersion": "2018-06-01",
            "properties": {
                "linkedServiceName": {
                    "referenceName": "AzureDataLakeStorage2",
                    "type": "LinkedServiceReference"
                },
                "annotations": [],
                "type": "Parquet",
                "typeProperties": {
                    "location": {
                        "type": "AzureBlobFSLocation",
                        "fileSystem": "sqldb"
                    },
                    "compressionCodec": "snappy"
                },
                "schema": [
                    {
                        "name": "Country",
                        "type": "UTF8"
                    },
                    {
                        "name": "CountryCode",
                        "type": "UTF8"
                    },
                    {
                        "name": "Latitude",
                        "type": "DECIMAL",
                        "precision": 10,
                        "scale": 5
                    },
                    {
                        "name": "Longitude",
                        "type": "DECIMAL",
                        "precision": 10,
                        "scale": 5
                    }
                ]
            },
            "dependsOn": []
        },
        {
            "name": "[concat(parameters('factoryName'), '/SQLServerParquet')]",
            "type": "Microsoft.DataFactory/factories/datasets",
            "apiVersion": "2018-06-01",
            "properties": {
                "linkedServiceName": {
                    "referenceName": "AzureDataLakeStorage2",
                    "type": "LinkedServiceReference"
                },
                "annotations": [],
                "type": "Parquet",
                "typeProperties": {
                    "location": {
                        "type": "AzureBlobFSLocation",
                        "fileSystem": "sqlserver"
                    },
                    "compressionCodec": "snappy"
                },
                "schema": [
                    {
                        "name": "Country",
                        "type": "UTF8"
                    },
                    {
                        "name": "CountryCode",
                        "type": "UTF8"
                    },
                    {
                        "name": "Latitude",
                        "type": "DECIMAL",
                        "precision": 10,
                        "scale": 5
                    },
                    {
                        "name": "Longitude",
                        "type": "DECIMAL",
                        "precision": 10,
                        "scale": 5
                    }
                ]
            },
            "dependsOn": []
        },
        {
            "name": "[concat(parameters('factoryName'), '/metrics')]",
            "type": "Microsoft.DataFactory/factories/dataflows",
            "apiVersion": "2018-06-01",
            "properties": {
                "type": "MappingDataFlow",
                "typeProperties": {
                    "sources": [
                        {
                            "dataset": {
                                "referenceName": "sqlservermetrics",
                                "type": "DatasetReference"
                            },
                            "name": "sqlservermetric1"
                        },
                        {
                            "dataset": {
                                "referenceName": "sqldbmetric",
                                "type": "DatasetReference"
                            },
                            "name": "sqldbmetric"
                        }
                    ],
                    "sinks": [
                        {
                            "dataset": {
                                "referenceName": "Parquet4",
                                "type": "DatasetReference"
                            },
                            "name": "sink1"
                        },
                        {
                            "dataset": {
                                "referenceName": "Parquet5",
                                "type": "DatasetReference"
                            },
                            "name": "sink2"
                        },
                        {
                            "dataset": {
                                "referenceName": "Parquet6",
                                "type": "DatasetReference"
                            },
                            "name": "sink3"
                        }
                    ],
                    "transformations": [
                        {
                            "name": "unionmetric"
                        },
                        {
                            "name": "select1"
                        },
                        {
                            "name": "select2"
                        },
                        {
                            "name": "select3"
                        },
                        {
                            "name": "derivedColumn2"
                        },
                        {
                            "name": "derivedColumn3"
                        },
                        {
                            "name": "derivedColumn4"
                        }
                    ],
                    "scriptLines": [
                        "source(output(",
                        "          ID as integer,",
                        "          Updated as date,",
                        "          Confirmed as integer,",
                        "          Confirmed_Change as integer,",
                        "          Deaths as integer,",
                        "          Deaths_Change as integer,",
                        "          Recovered as integer,",
                        "          Recovered_Change as integer,",
                        "          Latitude as decimal(10,5),",
                        "          Longitude as decimal(10,5),",
                        "          ISO2 as string,",
                        "          ISO3 as string,",
                        "          Country_Region as string,",
                        "          load_time as timestamp",
                        "     ),",
                        "     allowSchemaDrift: true,",
                        "     validateSchema: false,",
                        "     ignoreNoFilesFound: false,",
                        "     format: 'parquet') ~> sqlservermetric1",
                        "source(output(",
                        "          ID as integer,",
                        "          Updated as date,",
                        "          Confirmed as integer,",
                        "          Confirmed_Change as integer,",
                        "          Deaths as integer,",
                        "          Deaths_Change as integer,",
                        "          Recovered as integer,",
                        "          Recovered_Change as integer,",
                        "          Latitude as decimal(10,5),",
                        "          Longitude as decimal(10,5),",
                        "          ISO2 as string,",
                        "          ISO3 as string,",
                        "          Country_Region as string,",
                        "          load_time as timestamp",
                        "     ),",
                        "     allowSchemaDrift: true,",
                        "     validateSchema: false,",
                        "     ignoreNoFilesFound: false,",
                        "     format: 'parquet') ~> sqldbmetric",
                        "sqlservermetric1, sqldbmetric union(byName: true)~> unionmetric",
                        "unionmetric select(mapColumn(",
                        "          ID,",
                        "          Updated,",
                        "          Confirmed,",
                        "          Confirmed_Change,",
                        "          Deaths,",
                        "          Deaths_Change,",
                        "          Recovered,",
                        "          Recovered_Change,",
                        "          ISO3,",
                        "          Country_Region,",
                        "          load_time",
                        "     ),",
                        "     skipDuplicateMapInputs: true,",
                        "     skipDuplicateMapOutputs: true) ~> select1",
                        "unionmetric select(mapColumn(",
                        "          ID,",
                        "          Updated,",
                        "          Confirmed,",
                        "          Confirmed_Change,",
                        "          Deaths,",
                        "          Deaths_Change,",
                        "          ISO3,",
                        "          Country_Region",
                        "     ),",
                        "     skipDuplicateMapInputs: true,",
                        "     skipDuplicateMapOutputs: true) ~> select2",
                        "unionmetric select(mapColumn(",
                        "          ID,",
                        "          Updated,",
                        "          Confirmed,",
                        "          Confirmed_Change,",
                        "          Recovered,",
                        "          Recovered_Change,",
                        "          ISO3,",
                        "          Country_Region",
                        "     ),",
                        "     skipDuplicateMapInputs: true,",
                        "     skipDuplicateMapOutputs: true) ~> select3",
                        "select1 derive(Updated_IS03 = concat(toString(Updated), ISO3)) ~> derivedColumn2",
                        "select2 derive(Updated_IS03 = concat(toString(Updated), ISO3)) ~> derivedColumn3",
                        "select3 derive(Updated_IS03 = concat(toString(Updated), ISO3)) ~> derivedColumn4",
                        "derivedColumn4 sink(allowSchemaDrift: true,",
                        "     validateSchema: false,",
                        "     format: 'parquet',",
                        "     partitionFileNames:['Recoveries.parquet'],",
                        "     umask: 0022,",
                        "     preCommands: [],",
                        "     postCommands: [],",
                        "     skipDuplicateMapInputs: true,",
                        "     skipDuplicateMapOutputs: true,",
                        "     partitionBy('hash', 1)) ~> sink1",
                        "derivedColumn3 sink(allowSchemaDrift: true,",
                        "     validateSchema: false,",
                        "     format: 'parquet',",
                        "     partitionFileNames:['Deaths.parquet'],",
                        "     umask: 0022,",
                        "     preCommands: [],",
                        "     postCommands: [],",
                        "     skipDuplicateMapInputs: true,",
                        "     skipDuplicateMapOutputs: true,",
                        "     partitionBy('hash', 1)) ~> sink2",
                        "derivedColumn2 sink(allowSchemaDrift: true,",
                        "     validateSchema: false,",
                        "     format: 'parquet',",
                        "     partitionFileNames:['Cases.parquet'],",
                        "     umask: 0022,",
                        "     preCommands: [],",
                        "     postCommands: [],",
                        "     skipDuplicateMapInputs: true,",
                        "     skipDuplicateMapOutputs: true,",
                        "     partitionBy('hash', 1)) ~> sink3"
                    ]
                }
            },
            "dependsOn": []
        },
        {
            "name": "[concat(parameters('factoryName'), '/policies')]",
            "type": "Microsoft.DataFactory/factories/dataflows",
            "apiVersion": "2018-06-01",
            "properties": {
                "type": "MappingDataFlow",
                "typeProperties": {
                    "sources": [
                        {
                            "dataset": {
                                "referenceName": "PoliciesforDataFlow",
                                "type": "DatasetReference"
                            },
                            "name": "source1"
                        }
                    ],
                    "sinks": [
                        {
                            "dataset": {
                                "referenceName": "policies",
                                "type": "DatasetReference"
                            },
                            "name": "sink1"
                        }
                    ],
                    "transformations": [
                        {
                            "name": "derivedColumn1"
                        },
                        {
                            "name": "select1"
                        }
                    ],
                    "scriptLines": [
                        "source(output(",
                        "          CountryName as string,",
                        "          CountryCode as string,",
                        "          RegionName as string,",
                        "          RegionCode as long,",
                        "          Jurisdiction as string,",
                        "          Date as timestamp,",
                        "          C1_School_closing as long,",
                        "          C1_Flag as long,",
                        "          C2_Workplace_closing as long,",
                        "          C2_Flag as long,",
                        "          C3_Cancel_public_events as long,",
                        "          C3_Flag as long,",
                        "          C4_Restrictions_on_gatherings as long,",
                        "          C4_Flag as long,",
                        "          C5_Close_public_transport as long,",
                        "          C5_Flag as long,",
                        "          C6_Stay_at_home_requirements as long,",
                        "          C6_Flag as long,",
                        "          C7_Restrictions_on_internal_movement as long,",
                        "          C7_Flag as long,",
                        "          C8_International_travel_controls as long,",
                        "          E1_Income_support as long,",
                        "          E1_Flag as long,",
                        "          E2_Debt_contract_relief as long,",
                        "          E3_Fiscal_measures as double,",
                        "          E4_International_support as double,",
                        "          H1_Public_information_campaigns as long,",
                        "          H1_Flag as long,",
                        "          H2_Testing_policy as long,",
                        "          H3_Contact_tracing as long,",
                        "          H4_Emergency_investment_in_healthcare as double,",
                        "          H5_Investment_in_vaccines as double,",
                        "          H6_Facial_Coverings as long,",
                        "          H6_Flag as long,",
                        "          H7_Vaccination_policy as long,",
                        "          H7_Flag as long,",
                        "          H8_Protection_of_elderly_people as long,",
                        "          H8_Flag as long,",
                        "          M1_Wildcard as long,",
                        "          StringencyIndex as double,",
                        "          StringencyIndexForDisplay as double,",
                        "          StringencyLegacyIndex as double,",
                        "          StringencyLegacyIndexForDisplay as double,",
                        "          GovernmentResponseIndex as double,",
                        "          GovernmentResponseIndexForDisplay as double,",
                        "          ContainmentHealthIndex as double,",
                        "          ContainmentHealthIndexForDisplay as double,",
                        "          EconomicSupportIndex as double,",
                        "          EconomicSupportIndexForDisplay as double,",
                        "          id as string,",
                        "          {_rid} as string,",
                        "          {_self} as string,",
                        "          {_etag} as string,",
                        "          {_attachments} as string,",
                        "          {_ts} as long",
                        "     ),",
                        "     allowSchemaDrift: true,",
                        "     validateSchema: false,",
                        "     ignoreNoFilesFound: false,",
                        "     format: 'parquet') ~> source1",
                        "select1 derive(Updated_ISO3 = concat(toString(Date), CountryCode)) ~> derivedColumn1",
                        "source1 select(mapColumn(",
                        "          CountryName,",
                        "          CountryCode,",
                        "          RegionName,",
                        "          RegionCode,",
                        "          Jurisdiction,",
                        "          Date,",
                        "          C1_School_closing,",
                        "          C1_Flag,",
                        "          C2_Workplace_closing,",
                        "          C2_Flag,",
                        "          C3_Cancel_public_events,",
                        "          C3_Flag,",
                        "          C4_Restrictions_on_gatherings,",
                        "          C4_Flag,",
                        "          C5_Close_public_transport,",
                        "          C5_Flag,",
                        "          C6_Stay_at_home_requirements,",
                        "          C6_Flag,",
                        "          C7_Restrictions_on_internal_movement,",
                        "          C7_Flag,",
                        "          C8_International_travel_controls,",
                        "          E1_Income_support,",
                        "          E1_Flag,",
                        "          E2_Debt_contract_relief,",
                        "          E3_Fiscal_measures,",
                        "          E4_International_support,",
                        "          H1_Public_information_campaigns,",
                        "          H1_Flag,",
                        "          H2_Testing_policy,",
                        "          H3_Contact_tracing,",
                        "          H4_Emergency_investment_in_healthcare,",
                        "          H5_Investment_in_vaccines,",
                        "          H6_Facial_Coverings,",
                        "          H6_Flag,",
                        "          H7_Vaccination_policy,",
                        "          H7_Flag,",
                        "          H8_Protection_of_elderly_people,",
                        "          H8_Flag,",
                        "          M1_Wildcard,",
                        "          StringencyIndex,",
                        "          StringencyIndexForDisplay,",
                        "          StringencyLegacyIndex,",
                        "          StringencyLegacyIndexForDisplay,",
                        "          GovernmentResponseIndex,",
                        "          GovernmentResponseIndexForDisplay,",
                        "          ContainmentHealthIndex,",
                        "          ContainmentHealthIndexForDisplay,",
                        "          EconomicSupportIndex,",
                        "          EconomicSupportIndexForDisplay,",
                        "          id",
                        "     ),",
                        "     skipDuplicateMapInputs: true,",
                        "     skipDuplicateMapOutputs: true) ~> select1",
                        "derivedColumn1 sink(allowSchemaDrift: true,",
                        "     validateSchema: false,",
                        "     format: 'parquet',",
                        "     partitionFileNames:['Policies.parquet'],",
                        "     umask: 0022,",
                        "     preCommands: [],",
                        "     postCommands: [],",
                        "     skipDuplicateMapInputs: true,",
                        "     skipDuplicateMapOutputs: true,",
                        "     partitionBy('hash', 1)) ~> sink1"
                    ]
                }
            },
            "dependsOn": []
        },
        {
            "name": "[concat(parameters('factoryName'), '/dates')]",
            "type": "Microsoft.DataFactory/factories/dataflows",
            "apiVersion": "2018-06-01",
            "properties": {
                "type": "MappingDataFlow",
                "typeProperties": {
                    "sources": [
                        {
                            "dataset": {
                                "referenceName": "DateforDataFlow",
                                "type": "DatasetReference"
                            },
                            "name": "source1"
                        }
                    ],
                    "sinks": [
                        {
                            "dataset": {
                                "referenceName": "Dates",
                                "type": "DatasetReference"
                            },
                            "name": "sink1"
                        }
                    ],
                    "transformations": [
                        {
                            "name": "select1"
                        }
                    ],
                    "scriptLines": [
                        "source(output(",
                        "          DateKey as integer,",
                        "          FullDate as date,",
                        "          isWeekDay as boolean,",
                        "          DayOfWeek as integer,",
                        "          DayOfMonth as integer,",
                        "          DayOfQuarter as integer,",
                        "          DayOfYear as integer,",
                        "          DayName as string,",
                        "          WeekOfYear as integer,",
                        "          WeekName as string,",
                        "          MonthOfYear as integer,",
                        "          MonthName as string,",
                        "          CalendarQuarter as integer,",
                        "          CalendarQuarterName as string,",
                        "          CalendarYear as integer,",
                        "          FiscalMonth as integer,",
                        "          FiscalMonthName as string,",
                        "          FiscalQuarter as integer,",
                        "          FiscalQuarterName as string,",
                        "          FiscalYear as integer",
                        "     ),",
                        "     allowSchemaDrift: true,",
                        "     validateSchema: false,",
                        "     ignoreNoFilesFound: false,",
                        "     format: 'parquet') ~> source1",
                        "source1 select(mapColumn(",
                        "          DateKey,",
                        "          FullDate,",
                        "          isWeekDay,",
                        "          DayOfWeek,",
                        "          DayOfMonth,",
                        "          DayOfQuarter,",
                        "          DayOfYear,",
                        "          DayName,",
                        "          WeekOfYear,",
                        "          WeekName,",
                        "          MonthOfYear,",
                        "          MonthName,",
                        "          CalendarQuarter,",
                        "          CalendarQuarterName,",
                        "          CalendarYear,",
                        "          FiscalMonth,",
                        "          FiscalMonthName,",
                        "          FiscalQuarter,",
                        "          FiscalQuarterName,",
                        "          FiscalYear",
                        "     ),",
                        "     skipDuplicateMapInputs: true,",
                        "     skipDuplicateMapOutputs: true) ~> select1",
                        "select1 sink(allowSchemaDrift: true,",
                        "     validateSchema: false,",
                        "     format: 'parquet',",
                        "     partitionFileNames:['Dates.parquet'],",
                        "     umask: 0022,",
                        "     preCommands: [],",
                        "     postCommands: [],",
                        "     skipDuplicateMapInputs: true,",
                        "     skipDuplicateMapOutputs: true,",
                        "     partitionBy('hash', 1)) ~> sink1"
                    ]
                }
            },
            "dependsOn": []
        },
        {
            "name": "[concat(parameters('factoryName'), '/geography')]",
            "type": "Microsoft.DataFactory/factories/dataflows",
            "apiVersion": "2018-06-01",
            "properties": {
                "type": "MappingDataFlow",
                "typeProperties": {
                    "sources": [
                        {
                            "dataset": {
                                "referenceName": "GeographyforDataFlow",
                                "type": "DatasetReference"
                            },
                            "name": "source1"
                        }
                    ],
                    "sinks": [
                        {
                            "dataset": {
                                "referenceName": "Geography",
                                "type": "DatasetReference"
                            },
                            "name": "sink1"
                        }
                    ],
                    "transformations": [
                        {
                            "name": "select1"
                        }
                    ],
                    "scriptLines": [
                        "source(output(",
                        "          Country as string,",
                        "          CountryCode as string,",
                        "          Latitude as decimal(10,5),",
                        "          Longitude as decimal(10,5)",
                        "     ),",
                        "     allowSchemaDrift: true,",
                        "     validateSchema: false,",
                        "     ignoreNoFilesFound: false,",
                        "     format: 'parquet') ~> source1",
                        "source1 select(mapColumn(",
                        "          Country,",
                        "          CountryCode,",
                        "          Latitude,",
                        "          Longitude",
                        "     ),",
                        "     skipDuplicateMapInputs: true,",
                        "     skipDuplicateMapOutputs: true) ~> select1",
                        "select1 sink(allowSchemaDrift: true,",
                        "     validateSchema: false,",
                        "     format: 'parquet',",
                        "     partitionFileNames:['geography.parquet'],",
                        "     umask: 0022,",
                        "     preCommands: [],",
                        "     postCommands: [],",
                        "     skipDuplicateMapInputs: true,",
                        "     skipDuplicateMapOutputs: true,",
                        "     partitionBy('hash', 1)) ~> sink1"
                    ]
                }
            },
            "dependsOn": [
                "[concat(variables('factoryId'), '/datasets/GeographyforDataFlow')]"
            ]
        },
        {
            "name": "[concat(parameters('factoryName'), '/SqlServerTable3')]",
            "type": "Microsoft.DataFactory/factories/datasets",
            "apiVersion": "2018-06-01",
            "properties": {
                "linkedServiceName": {
                    "referenceName": "SqlServer1",
                    "type": "LinkedServiceReference"
                },
                "annotations": [],
                "type": "SqlServerTable",
                "schema": [
                    {
                        "name": "DateKey",
                        "type": "int",
                        "precision": 10
                    },
                    {
                        "name": "FullDate",
                        "type": "date"
                    },
                    {
                        "name": "isWeekDay",
                        "type": "bit"
                    },
                    {
                        "name": "DayOfWeek",
                        "type": "int",
                        "precision": 10
                    },
                    {
                        "name": "DayOfMonth",
                        "type": "int",
                        "precision": 10
                    },
                    {
                        "name": "DayOfQuarter",
                        "type": "int",
                        "precision": 10
                    },
                    {
                        "name": "DayOfYear",
                        "type": "int",
                        "precision": 10
                    },
                    {
                        "name": "DayName",
                        "type": "varchar"
                    },
                    {
                        "name": "WeekOfYear",
                        "type": "int",
                        "precision": 10
                    },
                    {
                        "name": "WeekName",
                        "type": "varchar"
                    },
                    {
                        "name": "MonthOfYear",
                        "type": "int",
                        "precision": 10
                    },
                    {
                        "name": "MonthName",
                        "type": "varchar"
                    },
                    {
                        "name": "CalendarQuarter",
                        "type": "int",
                        "precision": 10
                    },
                    {
                        "name": "CalendarQuarterName",
                        "type": "varchar"
                    },
                    {
                        "name": "CalendarYear",
                        "type": "int",
                        "precision": 10
                    },
                    {
                        "name": "FiscalMonth",
                        "type": "int",
                        "precision": 10
                    },
                    {
                        "name": "FiscalMonthName",
                        "type": "varchar"
                    },
                    {
                        "name": "FiscalQuarter",
                        "type": "int",
                        "precision": 10
                    },
                    {
                        "name": "FiscalQuarterName",
                        "type": "varchar"
                    },
                    {
                        "name": "FiscalYear",
                        "type": "int",
                        "precision": 10
                    }
                ],
                "typeProperties": {
                    "schema": "dbo",
                    "table": "Dates"
                }
            },
            "dependsOn": []
        },
        {
            "name": "[concat(parameters('factoryName'), '/SqlServerTable2')]",
            "type": "Microsoft.DataFactory/factories/datasets",
            "apiVersion": "2018-06-01",
            "properties": {
                "linkedServiceName": {
                    "referenceName": "SqlServer1",
                    "type": "LinkedServiceReference"
                },
                "annotations": [],
                "type": "SqlServerTable",
                "schema": [
                    {
                        "name": "ID",
                        "type": "int",
                        "precision": 10
                    },
                    {
                        "name": "Updated",
                        "type": "date"
                    },
                    {
                        "name": "Confirmed",
                        "type": "int",
                        "precision": 10
                    },
                    {
                        "name": "Confirmed_Change",
                        "type": "int",
                        "precision": 10
                    },
                    {
                        "name": "Deaths",
                        "type": "int",
                        "precision": 10
                    },
                    {
                        "name": "Deaths_Change",
                        "type": "int",
                        "precision": 10
                    },
                    {
                        "name": "Recovered",
                        "type": "int",
                        "precision": 10
                    },
                    {
                        "name": "Recovered_Change",
                        "type": "int",
                        "precision": 10
                    },
                    {
                        "name": "Latitude",
                        "type": "decimal",
                        "precision": 10,
                        "scale": 5
                    },
                    {
                        "name": "Longitude",
                        "type": "decimal",
                        "precision": 10,
                        "scale": 5
                    },
                    {
                        "name": "ISO2",
                        "type": "varchar"
                    },
                    {
                        "name": "ISO3",
                        "type": "varchar"
                    },
                    {
                        "name": "Country_Region",
                        "type": "varchar"
                    },
                    {
                        "name": "load_time",
                        "type": "datetime",
                        "precision": 23,
                        "scale": 3
                    }
                ],
                "typeProperties": {
                    "schema": "dbo",
                    "table": "Covid19_Metrics"
                }
            },
            "dependsOn": []
        },
        {
            "name": "[concat(parameters('factoryName'), '/SqlServerTable1')]",
            "type": "Microsoft.DataFactory/factories/datasets",
            "apiVersion": "2018-06-01",
            "properties": {
                "linkedServiceName": {
                    "referenceName": "SqlServer1",
                    "type": "LinkedServiceReference"
                },
                "annotations": [],
                "type": "SqlServerTable",
                "schema": [
                    {
                        "name": "Country",
                        "type": "varchar"
                    },
                    {
                        "name": "CountryCode",
                        "type": "varchar"
                    },
                    {
                        "name": "Latitude",
                        "type": "decimal",
                        "precision": 10,
                        "scale": 5
                    },
                    {
                        "name": "Longitude",
                        "type": "decimal",
                        "precision": 10,
                        "scale": 5
                    }
                ],
                "typeProperties": {
                    "schema": "dbo",
                    "table": "Country"
                }
            },
            "dependsOn": []
        },
        {
            "name": "[concat(parameters('factoryName'), '/Parque')]",
            "type": "Microsoft.DataFactory/factories/datasets",
            "apiVersion": "2018-06-01",
            "properties": {
                "linkedServiceName": {
                    "referenceName": "team8storage",
                    "type": "LinkedServiceReference"
                },
                "annotations": [],
                "type": "Parquet",
                "typeProperties": {
                    "location": {
                        "type": "AzureBlobFSLocation",
                        "fileName": "dbo.Country.parquet",
                        "fileSystem": "sqlserver"
                    },
                    "compressionCodec": "snappy"
                },
                "schema": [
                    {
                        "name": "Country",
                        "type": "UTF8"
                    },
                    {
                        "name": "CountryCode",
                        "type": "UTF8"
                    },
                    {
                        "name": "Latitude",
                        "type": "DECIMAL",
                        "precision": 10,
                        "scale": 5
                    },
                    {
                        "name": "Longitude",
                        "type": "DECIMAL",
                        "precision": 10,
                        "scale": 5
                    }
                ]
            },
            "dependsOn": []
        },
        {
            "name": "[concat(parameters('factoryName'), '/sqlserverdates')]",
            "type": "Microsoft.DataFactory/factories/datasets",
            "apiVersion": "2018-06-01",
            "properties": {
                "linkedServiceName": {
                    "referenceName": "team8storage",
                    "type": "LinkedServiceReference"
                },
                "annotations": [],
                "type": "Parquet",
                "typeProperties": {
                    "location": {
                        "type": "AzureBlobFSLocation",
                        "fileName": "dbo.Dates.parquet",
                        "fileSystem": "sqlserver"
                    },
                    "compressionCodec": "snappy"
                },
                "schema": [
                    {
                        "name": "DateKey",
                        "type": "INT32"
                    },
                    {
                        "name": "FullDate",
                        "type": "DATE"
                    },
                    {
                        "name": "isWeekDay",
                        "type": "BOOLEAN"
                    },
                    {
                        "name": "DayOfWeek",
                        "type": "INT32"
                    },
                    {
                        "name": "DayOfMonth",
                        "type": "INT32"
                    },
                    {
                        "name": "DayOfQuarter",
                        "type": "INT32"
                    },
                    {
                        "name": "DayOfYear",
                        "type": "INT32"
                    },
                    {
                        "name": "DayName",
                        "type": "UTF8"
                    },
                    {
                        "name": "WeekOfYear",
                        "type": "INT32"
                    },
                    {
                        "name": "WeekName",
                        "type": "UTF8"
                    },
                    {
                        "name": "MonthOfYear",
                        "type": "INT32"
                    },
                    {
                        "name": "MonthName",
                        "type": "UTF8"
                    },
                    {
                        "name": "CalendarQuarter",
                        "type": "INT32"
                    },
                    {
                        "name": "CalendarQuarterName",
                        "type": "UTF8"
                    },
                    {
                        "name": "CalendarYear",
                        "type": "INT32"
                    },
                    {
                        "name": "FiscalMonth",
                        "type": "INT32"
                    },
                    {
                        "name": "FiscalMonthName",
                        "type": "UTF8"
                    },
                    {
                        "name": "FiscalQuarter",
                        "type": "INT32"
                    },
                    {
                        "name": "FiscalQuarterName",
                        "type": "UTF8"
                    },
                    {
                        "name": "FiscalYear",
                        "type": "INT32"
                    }
                ]
            },
            "dependsOn": []
        },
        {
            "name": "[concat(parameters('factoryName'), '/sqlservercountry')]",
            "type": "Microsoft.DataFactory/factories/datasets",
            "apiVersion": "2018-06-01",
            "properties": {
                "linkedServiceName": {
                    "referenceName": "team8storage",
                    "type": "LinkedServiceReference"
                },
                "annotations": [],
                "type": "Parquet",
                "typeProperties": {
                    "location": {
                        "type": "AzureBlobFSLocation",
                        "fileName": "dbo.Country.parquet",
                        "fileSystem": "sqlserver"
                    },
                    "compressionCodec": "snappy"
                },
                "schema": [
                    {
                        "name": "Country",
                        "type": "UTF8"
                    },
                    {
                        "name": "CountryCode",
                        "type": "UTF8"
                    },
                    {
                        "name": "Latitude",
                        "type": "DECIMAL",
                        "precision": 10,
                        "scale": 5
                    },
                    {
                        "name": "Longitude",
                        "type": "DECIMAL",
                        "precision": 10,
                        "scale": 5
                    }
                ]
            },
            "dependsOn": []
        },
        {
            "name": "[concat(parameters('factoryName'), '/extractsqldb')]",
            "type": "Microsoft.DataFactory/factories/pipelines",
            "apiVersion": "2018-06-01",
            "properties": {
                "activities": [
                    {
                        "name": "CountryToADLS",
                        "type": "Copy",
                        "dependsOn": [],
                        "policy": {
                            "timeout": "0.12:00:00",
                            "retry": 0,
                            "retryIntervalInSeconds": 30,
                            "secureOutput": false,
                            "secureInput": false
                        },
                        "userProperties": [],
                        "typeProperties": {
                            "source": {
                                "type": "AzureSqlSource",
                                "queryTimeout": "02:00:00",
                                "partitionOption": "None"
                            },
                            "sink": {
                                "type": "ParquetSink",
                                "storeSettings": {
                                    "type": "AzureBlobFSWriteSettings"
                                },
                                "formatSettings": {
                                    "type": "ParquetWriteSettings"
                                }
                            },
                            "enableStaging": false,
                            "translator": {
                                "type": "TabularTranslator",
                                "typeConversion": true,
                                "typeConversionSettings": {
                                    "allowDataTruncation": true,
                                    "treatBooleanAsNumber": false
                                }
                            }
                        },
                        "inputs": [
                            {
                                "referenceName": "AzureSqlTable1",
                                "type": "DatasetReference",
                                "parameters": {}
                            }
                        ],
                        "outputs": [
                            {
                                "referenceName": "SQLdbParquet",
                                "type": "DatasetReference",
                                "parameters": {}
                            }
                        ]
                    },
                    {
                        "name": "CovidMetricToADLS",
                        "type": "Copy",
                        "dependsOn": [],
                        "policy": {
                            "timeout": "0.12:00:00",
                            "retry": 0,
                            "retryIntervalInSeconds": 30,
                            "secureOutput": false,
                            "secureInput": false
                        },
                        "userProperties": [],
                        "typeProperties": {
                            "source": {
                                "type": "AzureSqlSource",
                                "queryTimeout": "02:00:00",
                                "partitionOption": "None"
                            },
                            "sink": {
                                "type": "ParquetSink",
                                "storeSettings": {
                                    "type": "AzureBlobFSWriteSettings"
                                },
                                "formatSettings": {
                                    "type": "ParquetWriteSettings"
                                }
                            },
                            "enableStaging": false,
                            "translator": {
                                "type": "TabularTranslator",
                                "typeConversion": true,
                                "typeConversionSettings": {
                                    "allowDataTruncation": true,
                                    "treatBooleanAsNumber": false
                                }
                            }
                        },
                        "inputs": [
                            {
                                "referenceName": "AzureSqlTable2",
                                "type": "DatasetReference",
                                "parameters": {}
                            }
                        ],
                        "outputs": [
                            {
                                "referenceName": "SQLdbParquet",
                                "type": "DatasetReference",
                                "parameters": {}
                            }
                        ]
                    },
                    {
                        "name": "DateToADLS",
                        "type": "Copy",
                        "dependsOn": [],
                        "policy": {
                            "timeout": "0.12:00:00",
                            "retry": 0,
                            "retryIntervalInSeconds": 30,
                            "secureOutput": false,
                            "secureInput": false
                        },
                        "userProperties": [],
                        "typeProperties": {
                            "source": {
                                "type": "AzureSqlSource",
                                "queryTimeout": "02:00:00",
                                "partitionOption": "None"
                            },
                            "sink": {
                                "type": "ParquetSink",
                                "storeSettings": {
                                    "type": "AzureBlobFSWriteSettings"
                                },
                                "formatSettings": {
                                    "type": "ParquetWriteSettings"
                                }
                            },
                            "enableStaging": false,
                            "translator": {
                                "type": "TabularTranslator",
                                "typeConversion": true,
                                "typeConversionSettings": {
                                    "allowDataTruncation": true,
                                    "treatBooleanAsNumber": false
                                }
                            }
                        },
                        "inputs": [
                            {
                                "referenceName": "AzureSqlTable3",
                                "type": "DatasetReference",
                                "parameters": {}
                            }
                        ],
                        "outputs": [
                            {
                                "referenceName": "SQLdbParquet",
                                "type": "DatasetReference",
                                "parameters": {}
                            }
                        ]
                    }
                ],
                "policy": {
                    "elapsedTimeMetric": {}
                },
                "annotations": [],
                "lastPublishTime": "2024-04-19T22:42:40Z"
            },
            "dependsOn": [
                "[concat(variables('factoryId'), '/datasets/SQLdbParquet')]"
            ]
        },
        {
            "name": "[concat(parameters('factoryName'), '/extractcosmosdb')]",
            "type": "Microsoft.DataFactory/factories/pipelines",
            "apiVersion": "2018-06-01",
            "properties": {
                "activities": [
                    {
                        "name": "CovidPolicytoADLS",
                        "type": "Copy",
                        "dependsOn": [],
                        "policy": {
                            "timeout": "0.12:00:00",
                            "retry": 0,
                            "retryIntervalInSeconds": 30,
                            "secureOutput": false,
                            "secureInput": false
                        },
                        "userProperties": [],
                        "typeProperties": {
                            "source": {
                                "type": "CosmosDbSqlApiSource",
                                "preferredRegions": []
                            },
                            "sink": {
                                "type": "ParquetSink",
                                "storeSettings": {
                                    "type": "AzureBlobFSWriteSettings"
                                },
                                "formatSettings": {
                                    "type": "ParquetWriteSettings"
                                }
                            },
                            "enableStaging": false,
                            "translator": {
                                "type": "TabularTranslator",
                                "mappings": [
                                    {
                                        "source": {
                                            "path": "$['CountryName']"
                                        },
                                        "sink": {
                                            "name": "CountryName"
                                        }
                                    },
                                    {
                                        "source": {
                                            "path": "$['CountryCode']"
                                        },
                                        "sink": {
                                            "name": "CountryCode"
                                        }
                                    },
                                    {
                                        "source": {
                                            "path": "$['RegionName']"
                                        },
                                        "sink": {
                                            "name": "RegionName",
                                            "type": "String"
                                        }
                                    },
                                    {
                                        "source": {
                                            "path": "$['RegionCode']"
                                        },
                                        "sink": {
                                            "name": "RegionCode",
                                            "type": "Int64"
                                        }
                                    },
                                    {
                                        "source": {
                                            "path": "$['Jurisdiction']"
                                        },
                                        "sink": {
                                            "name": "Jurisdiction"
                                        }
                                    },
                                    {
                                        "source": {
                                            "path": "$['Date']"
                                        },
                                        "sink": {
                                            "name": "Date"
                                        }
                                    },
                                    {
                                        "source": {
                                            "path": "$['C1_School closing']"
                                        },
                                        "sink": {
                                            "name": "C1_School_closing"
                                        }
                                    },
                                    {
                                        "source": {
                                            "path": "$['C1_Flag']"
                                        },
                                        "sink": {
                                            "name": "C1_Flag"
                                        }
                                    },
                                    {
                                        "source": {
                                            "path": "$['C2_Workplace closing']"
                                        },
                                        "sink": {
                                            "name": "C2_Workplace_closing"
                                        }
                                    },
                                    {
                                        "source": {
                                            "path": "$['C2_Flag']"
                                        },
                                        "sink": {
                                            "name": "C2_Flag"
                                        }
                                    },
                                    {
                                        "source": {
                                            "path": "$['C3_Cancel public events']"
                                        },
                                        "sink": {
                                            "name": "C3_Cancel_public_events"
                                        }
                                    },
                                    {
                                        "source": {
                                            "path": "$['C3_Flag']"
                                        },
                                        "sink": {
                                            "name": "C3_Flag"
                                        }
                                    },
                                    {
                                        "source": {
                                            "path": "$['C4_Restrictions on gatherings']"
                                        },
                                        "sink": {
                                            "name": "C4_Restrictions_on_gatherings"
                                        }
                                    },
                                    {
                                        "source": {
                                            "path": "$['C4_Flag']"
                                        },
                                        "sink": {
                                            "name": "C4_Flag"
                                        }
                                    },
                                    {
                                        "source": {
                                            "path": "$['C5_Close public transport']"
                                        },
                                        "sink": {
                                            "name": "C5_Close_public_transport"
                                        }
                                    },
                                    {
                                        "source": {
                                            "path": "$['C5_Flag']"
                                        },
                                        "sink": {
                                            "name": "C5_Flag"
                                        }
                                    },
                                    {
                                        "source": {
                                            "path": "$['C6_Stay at home requirements']"
                                        },
                                        "sink": {
                                            "name": "C6_Stay_at_home_requirements"
                                        }
                                    },
                                    {
                                        "source": {
                                            "path": "$['C6_Flag']"
                                        },
                                        "sink": {
                                            "name": "C6_Flag"
                                        }
                                    },
                                    {
                                        "source": {
                                            "path": "$['C7_Restrictions on internal movement']"
                                        },
                                        "sink": {
                                            "name": "C7_Restrictions_on_internal_movement"
                                        }
                                    },
                                    {
                                        "source": {
                                            "path": "$['C7_Flag']"
                                        },
                                        "sink": {
                                            "name": "C7_Flag"
                                        }
                                    },
                                    {
                                        "source": {
                                            "path": "$['C8_International travel controls']"
                                        },
                                        "sink": {
                                            "name": "C8_International_travel_controls"
                                        }
                                    },
                                    {
                                        "source": {
                                            "path": "$['E1_Income support']"
                                        },
                                        "sink": {
                                            "name": "E1_Income_support"
                                        }
                                    },
                                    {
                                        "source": {
                                            "path": "$['E1_Flag']"
                                        },
                                        "sink": {
                                            "name": "E1_Flag"
                                        }
                                    },
                                    {
                                        "source": {
                                            "path": "$['E2_Debt contract relief']"
                                        },
                                        "sink": {
                                            "name": "E2_Debt_contract_relief"
                                        }
                                    },
                                    {
                                        "source": {
                                            "path": "$['E3_Fiscal measures']"
                                        },
                                        "sink": {
                                            "name": "E3_Fiscal_measures",
                                            "type": "Double"
                                        }
                                    },
                                    {
                                        "source": {
                                            "path": "$['E4_International support']"
                                        },
                                        "sink": {
                                            "name": "E4_International_support",
                                            "type": "Double"
                                        }
                                    },
                                    {
                                        "source": {
                                            "path": "$['H1_Public information campaigns']"
                                        },
                                        "sink": {
                                            "name": "H1_Public_information_campaigns"
                                        }
                                    },
                                    {
                                        "source": {
                                            "path": "$['H1_Flag']"
                                        },
                                        "sink": {
                                            "name": "H1_Flag"
                                        }
                                    },
                                    {
                                        "source": {
                                            "path": "$['H2_Testing policy']"
                                        },
                                        "sink": {
                                            "name": "H2_Testing_policy"
                                        }
                                    },
                                    {
                                        "source": {
                                            "path": "$['H3_Contact tracing']"
                                        },
                                        "sink": {
                                            "name": "H3_Contact_tracing"
                                        }
                                    },
                                    {
                                        "source": {
                                            "path": "$['H4_Emergency investment in healthcare']"
                                        },
                                        "sink": {
                                            "name": "H4_Emergency_investment_in_healthcare",
                                            "type": "Double"
                                        }
                                    },
                                    {
                                        "source": {
                                            "path": "$['H5_Investment in vaccines']"
                                        },
                                        "sink": {
                                            "name": "H5_Investment_in_vaccines",
                                            "type": "Double"
                                        }
                                    },
                                    {
                                        "source": {
                                            "path": "$['H6_Facial Coverings']"
                                        },
                                        "sink": {
                                            "name": "H6_Facial_Coverings"
                                        }
                                    },
                                    {
                                        "source": {
                                            "path": "$['H6_Flag']"
                                        },
                                        "sink": {
                                            "name": "H6_Flag"
                                        }
                                    },
                                    {
                                        "source": {
                                            "path": "$['H7_Vaccination policy']"
                                        },
                                        "sink": {
                                            "name": "H7_Vaccination_policy"
                                        }
                                    },
                                    {
                                        "source": {
                                            "path": "$['H7_Flag']"
                                        },
                                        "sink": {
                                            "name": "H7_Flag"
                                        }
                                    },
                                    {
                                        "source": {
                                            "path": "$['H8_Protection of elderly people']"
                                        },
                                        "sink": {
                                            "name": "H8_Protection_of_elderly_people"
                                        }
                                    },
                                    {
                                        "source": {
                                            "path": "$['H8_Flag']"
                                        },
                                        "sink": {
                                            "name": "H8_Flag"
                                        }
                                    },
                                    {
                                        "source": {
                                            "path": "$['M1_Wildcard']"
                                        },
                                        "sink": {
                                            "name": "M1_Wildcard"
                                        }
                                    },
                                    {
                                        "source": {
                                            "path": "$['StringencyIndex']"
                                        },
                                        "sink": {
                                            "name": "StringencyIndex",
                                            "type": "Double"
                                        }
                                    },
                                    {
                                        "source": {
                                            "path": "$['StringencyIndexForDisplay']"
                                        },
                                        "sink": {
                                            "name": "StringencyIndexForDisplay",
                                            "type": "Double"
                                        }
                                    },
                                    {
                                        "source": {
                                            "path": "$['StringencyLegacyIndex']"
                                        },
                                        "sink": {
                                            "name": "StringencyLegacyIndex",
                                            "type": "Double"
                                        }
                                    },
                                    {
                                        "source": {
                                            "path": "$['StringencyLegacyIndexForDisplay']"
                                        },
                                        "sink": {
                                            "name": "StringencyLegacyIndexForDisplay",
                                            "type": "Double"
                                        }
                                    },
                                    {
                                        "source": {
                                            "path": "$['GovernmentResponseIndex']"
                                        },
                                        "sink": {
                                            "name": "GovernmentResponseIndex",
                                            "type": "Double"
                                        }
                                    },
                                    {
                                        "source": {
                                            "path": "$['GovernmentResponseIndexForDisplay']"
                                        },
                                        "sink": {
                                            "name": "GovernmentResponseIndexForDisplay",
                                            "type": "Double"
                                        }
                                    },
                                    {
                                        "source": {
                                            "path": "$['ContainmentHealthIndex']"
                                        },
                                        "sink": {
                                            "name": "ContainmentHealthIndex",
                                            "type": "Double"
                                        }
                                    },
                                    {
                                        "source": {
                                            "path": "$['ContainmentHealthIndexForDisplay']"
                                        },
                                        "sink": {
                                            "name": "ContainmentHealthIndexForDisplay",
                                            "type": "Double"
                                        }
                                    },
                                    {
                                        "source": {
                                            "path": "$['EconomicSupportIndex']"
                                        },
                                        "sink": {
                                            "name": "EconomicSupportIndex",
                                            "type": "Double"
                                        }
                                    },
                                    {
                                        "source": {
                                            "path": "$['EconomicSupportIndexForDisplay']"
                                        },
                                        "sink": {
                                            "name": "EconomicSupportIndexForDisplay",
                                            "type": "Double"
                                        }
                                    },
                                    {
                                        "source": {
                                            "path": "$['id']"
                                        },
                                        "sink": {
                                            "name": "id"
                                        }
                                    },
                                    {
                                        "source": {
                                            "path": "$['_rid']"
                                        },
                                        "sink": {
                                            "name": "_rid"
                                        }
                                    },
                                    {
                                        "source": {
                                            "path": "$['_self']"
                                        },
                                        "sink": {
                                            "name": "_self"
                                        }
                                    },
                                    {
                                        "source": {
                                            "path": "$['_etag']"
                                        },
                                        "sink": {
                                            "name": "_etag"
                                        }
                                    },
                                    {
                                        "source": {
                                            "path": "$['_attachments']"
                                        },
                                        "sink": {
                                            "name": "_attachments"
                                        }
                                    },
                                    {
                                        "source": {
                                            "path": "$['_ts']"
                                        },
                                        "sink": {
                                            "name": "_ts"
                                        }
                                    }
                                ]
                            }
                        },
                        "inputs": [
                            {
                                "referenceName": "CosmosDbNoSqlContainer1",
                                "type": "DatasetReference",
                                "parameters": {}
                            }
                        ],
                        "outputs": [
                            {
                                "referenceName": "CosmosDBParquet",
                                "type": "DatasetReference",
                                "parameters": {}
                            }
                        ]
                    }
                ],
                "policy": {
                    "elapsedTimeMetric": {}
                },
                "annotations": [],
                "lastPublishTime": "2024-04-19T22:42:40Z"
            },
            "dependsOn": [
                "[concat(variables('factoryId'), '/datasets/CosmosDBParquet')]"
            ]
        },
        {
            "name": "[concat(parameters('factoryName'), '/extractsqlserver')]",
            "type": "Microsoft.DataFactory/factories/pipelines",
            "apiVersion": "2018-06-01",
            "properties": {
                "activities": [
                    {
                        "name": "Country",
                        "type": "Copy",
                        "dependsOn": [],
                        "policy": {
                            "timeout": "0.12:00:00",
                            "retry": 0,
                            "retryIntervalInSeconds": 30,
                            "secureOutput": false,
                            "secureInput": false
                        },
                        "userProperties": [],
                        "typeProperties": {
                            "source": {
                                "type": "SqlServerSource",
                                "queryTimeout": "02:00:00",
                                "partitionOption": "None"
                            },
                            "sink": {
                                "type": "ParquetSink",
                                "storeSettings": {
                                    "type": "AzureBlobFSWriteSettings"
                                },
                                "formatSettings": {
                                    "type": "ParquetWriteSettings"
                                }
                            },
                            "enableStaging": false,
                            "translator": {
                                "type": "TabularTranslator",
                                "mappings": [
                                    {
                                        "source": {
                                            "name": "Country",
                                            "type": "String",
                                            "physicalType": "varchar"
                                        },
                                        "sink": {
                                            "name": "Country",
                                            "type": "String",
                                            "physicalType": "UTF8"
                                        }
                                    },
                                    {
                                        "source": {
                                            "name": "CountryCode",
                                            "type": "String",
                                            "physicalType": "varchar"
                                        },
                                        "sink": {
                                            "name": "CountryCode",
                                            "type": "String",
                                            "physicalType": "UTF8"
                                        }
                                    },
                                    {
                                        "source": {
                                            "name": "Latitude",
                                            "type": "Decimal",
                                            "physicalType": "decimal",
                                            "scale": 5,
                                            "precision": 10
                                        },
                                        "sink": {
                                            "name": "Latitude",
                                            "type": "Decimal",
                                            "physicalType": "DECIMAL"
                                        }
                                    },
                                    {
                                        "source": {
                                            "name": "Longitude",
                                            "type": "Decimal",
                                            "physicalType": "decimal",
                                            "scale": 5,
                                            "precision": 10
                                        },
                                        "sink": {
                                            "name": "Longitude",
                                            "type": "Decimal",
                                            "physicalType": "DECIMAL"
                                        }
                                    }
                                ],
                                "typeConversion": true,
                                "typeConversionSettings": {
                                    "allowDataTruncation": true,
                                    "treatBooleanAsNumber": false
                                }
                            }
                        },
                        "inputs": [
                            {
                                "referenceName": "SqlServerTable1",
                                "type": "DatasetReference",
                                "parameters": {}
                            }
                        ],
                        "outputs": [
                            {
                                "referenceName": "SQLServerParquet",
                                "type": "DatasetReference",
                                "parameters": {}
                            }
                        ]
                    },
                    {
                        "name": "Covid19_Metrics",
                        "type": "Copy",
                        "dependsOn": [],
                        "policy": {
                            "timeout": "0.12:00:00",
                            "retry": 0,
                            "retryIntervalInSeconds": 30,
                            "secureOutput": false,
                            "secureInput": false
                        },
                        "userProperties": [],
                        "typeProperties": {
                            "source": {
                                "type": "SqlServerSource",
                                "queryTimeout": "02:00:00",
                                "partitionOption": "None"
                            },
                            "sink": {
                                "type": "ParquetSink",
                                "storeSettings": {
                                    "type": "AzureBlobFSWriteSettings"
                                },
                                "formatSettings": {
                                    "type": "ParquetWriteSettings"
                                }
                            },
                            "enableStaging": false,
                            "translator": {
                                "type": "TabularTranslator",
                                "typeConversion": true,
                                "typeConversionSettings": {
                                    "allowDataTruncation": true,
                                    "treatBooleanAsNumber": false
                                }
                            }
                        },
                        "inputs": [
                            {
                                "referenceName": "SqlServerTable2",
                                "type": "DatasetReference",
                                "parameters": {}
                            }
                        ],
                        "outputs": [
                            {
                                "referenceName": "SQLServerParquet",
                                "type": "DatasetReference",
                                "parameters": {}
                            }
                        ]
                    },
                    {
                        "name": "Dates",
                        "type": "Copy",
                        "dependsOn": [],
                        "policy": {
                            "timeout": "0.12:00:00",
                            "retry": 0,
                            "retryIntervalInSeconds": 30,
                            "secureOutput": false,
                            "secureInput": false
                        },
                        "userProperties": [],
                        "typeProperties": {
                            "source": {
                                "type": "SqlServerSource",
                                "queryTimeout": "02:00:00",
                                "partitionOption": "None"
                            },
                            "sink": {
                                "type": "ParquetSink",
                                "storeSettings": {
                                    "type": "AzureBlobFSWriteSettings"
                                },
                                "formatSettings": {
                                    "type": "ParquetWriteSettings"
                                }
                            },
                            "enableStaging": false,
                            "translator": {
                                "type": "TabularTranslator",
                                "typeConversion": true,
                                "typeConversionSettings": {
                                    "allowDataTruncation": true,
                                    "treatBooleanAsNumber": false
                                }
                            }
                        },
                        "inputs": [
                            {
                                "referenceName": "SqlServerTable3",
                                "type": "DatasetReference",
                                "parameters": {}
                            }
                        ],
                        "outputs": [
                            {
                                "referenceName": "SQLServerParquet",
                                "type": "DatasetReference",
                                "parameters": {}
                            }
                        ]
                    }
                ],
                "policy": {
                    "elapsedTimeMetric": {}
                },
                "annotations": [],
                "lastPublishTime": "2024-04-19T22:42:40Z"
            },
            "dependsOn": [
                "[concat(variables('factoryId'), '/datasets/SqlServerTable1')]",
                "[concat(variables('factoryId'), '/datasets/SQLServerParquet')]",
                "[concat(variables('factoryId'), '/datasets/SqlServerTable2')]",
                "[concat(variables('factoryId'), '/datasets/SqlServerTable3')]"
            ]
        },
        {
            "name": "[concat(parameters('factoryName'), '/metricsods')]",
            "type": "Microsoft.DataFactory/factories/pipelines",
            "apiVersion": "2018-06-01",
            "properties": {
                "activities": [
                    {
                        "name": "metricsods",
                        "type": "ExecuteDataFlow",
                        "dependsOn": [],
                        "policy": {
                            "timeout": "0.12:00:00",
                            "retry": 0,
                            "retryIntervalInSeconds": 30,
                            "secureOutput": false,
                            "secureInput": false
                        },
                        "userProperties": [],
                        "typeProperties": {
                            "dataflow": {
                                "referenceName": "metrics",
                                "type": "DataFlowReference",
                                "parameters": {},
                                "datasetParameters": {
                                    "sqlservermetric1": {},
                                    "sqldbmetric": {},
                                    "sink1": {},
                                    "sink2": {},
                                    "sink3": {}
                                }
                            },
                            "staging": {},
                            "compute": {
                                "coreCount": 8,
                                "computeType": "General"
                            },
                            "traceLevel": "Fine"
                        }
                    }
                ],
                "policy": {
                    "elapsedTimeMetric": {}
                },
                "annotations": [],
                "lastPublishTime": "2024-04-19T21:08:49Z"
            },
            "dependsOn": [
                "[concat(variables('factoryId'), '/dataflows/metrics')]"
            ]
        },
        {
            "name": "[concat(parameters('factoryName'), '/policiesods')]",
            "type": "Microsoft.DataFactory/factories/pipelines",
            "apiVersion": "2018-06-01",
            "properties": {
                "activities": [
                    {
                        "name": "policiesods",
                        "type": "ExecuteDataFlow",
                        "dependsOn": [],
                        "policy": {
                            "timeout": "0.12:00:00",
                            "retry": 0,
                            "retryIntervalInSeconds": 30,
                            "secureOutput": false,
                            "secureInput": false
                        },
                        "userProperties": [],
                        "typeProperties": {
                            "dataflow": {
                                "referenceName": "policies",
                                "type": "DataFlowReference",
                                "parameters": {},
                                "datasetParameters": {
                                    "source1": {},
                                    "sink1": {}
                                }
                            },
                            "staging": {},
                            "compute": {
                                "coreCount": 8,
                                "computeType": "General"
                            },
                            "traceLevel": "Fine"
                        }
                    }
                ],
                "policy": {
                    "elapsedTimeMetric": {}
                },
                "annotations": [],
                "lastPublishTime": "2024-04-19T21:08:50Z"
            },
            "dependsOn": [
                "[concat(variables('factoryId'), '/dataflows/policies')]"
            ]
        },
        {
            "name": "[concat(parameters('factoryName'), '/datesods')]",
            "type": "Microsoft.DataFactory/factories/pipelines",
            "apiVersion": "2018-06-01",
            "properties": {
                "activities": [
                    {
                        "name": "datesods",
                        "type": "ExecuteDataFlow",
                        "dependsOn": [],
                        "policy": {
                            "timeout": "0.12:00:00",
                            "retry": 0,
                            "retryIntervalInSeconds": 30,
                            "secureOutput": false,
                            "secureInput": false
                        },
                        "userProperties": [],
                        "typeProperties": {
                            "dataflow": {
                                "referenceName": "dates",
                                "type": "DataFlowReference",
                                "parameters": {},
                                "datasetParameters": {
                                    "source1": {},
                                    "sink1": {}
                                }
                            },
                            "staging": {},
                            "compute": {
                                "coreCount": 8,
                                "computeType": "General"
                            },
                            "traceLevel": "Fine"
                        }
                    }
                ],
                "policy": {
                    "elapsedTimeMetric": {}
                },
                "annotations": [],
                "lastPublishTime": "2024-04-19T21:08:50Z"
            },
            "dependsOn": [
                "[concat(variables('factoryId'), '/dataflows/dates')]"
            ]
        }
    ]
}