{
    "$schema": "https://schema.management.azure.com/schemas/2015-01-01/deploymentParameters.json#",
    "contentVersion": "1.0.0.0",
    "parameters": {
        "factoryName": {
            "value": "team8-df"
        },
        "SqlServer1_connectionString": {
            "value": ""
        },
        "CosmosDbNoSql1_connectionString": {
            "value": ""
        },
        "team8storage_accountKey": {
            "value": ""
        },
        "AzureSqlDatabase1_connectionString": {
            "value": ""
        },
        "AzureDataLakeStorage2_accountKey": {
            "value": ""
        },
        "team8storage_properties_typeProperties_url": {
            "value": "https://storageteam8.dfs.core.windows.net/"
        },
        "AzureDataLakeStorage2_properties_typeProperties_url": {
            "value": "https://storageteam8.dfs.core.windows.net/"
        }
    }
}